{
  "answer": {
    "code": 0,
    "data": [
      {
        "id": 1,
        "title": "为什么欧洲人认为两个轮子的旅行比四个轮子的旅行更高级？",
        "msg": "欧洲人更在意的其实是旅游的体悟，而不是旅游本身。换句话说，旅游的价值是旅游的过程，在这个过程中所经历的事，所看见的风景，所顿悟的思绪。而不是这次旅途去了哪里，又在哪里打了卡。所以，他们会选择把速度放缓，因为随着社会的发展，我们的生活节奏...",
        "conImg": "../images/CoNF2GNCgARw6GJYAATs2Z1Ck4w.png",
        "like": 0,
        "comme": 0,
        "time": "2022-10-09 16:02"
      }
    ]
  }
}