{
  "care": {
    "code": 0,
    "data": [
      {
        "title": "暑假7月亲子游目的地",
        "msg": "想暑假7月带孩子去国内旅游，甘肃兰州怕有高原反应，，广州会不会太热，三亚又怕人太多？其他还有地点推荐吗？请教各位达人？",
        "userImg": "../images/wKgED1uqIs-AMYTwAAAX-VIKIo0071.png",
        "username": "Cindy",
        "comme":500,
        "time": "2021-04-13 16:53"
      }, {
        "title": "暑假7月亲子游目的地",
        "msg": "想暑假7月带孩子去国内旅游，甘肃兰州怕有高原反应，，广州会不会太热，三亚又怕人太多？其他还有地点推荐吗？请教各位达人？",
        "userImg": "../images/wKgED1uqIs-AMYTwAAAX-VIKIo0071.png",
        "username": "Cindy",
        "comme":500,
        "time": "2021-04-13 16:53"
      }, {
        "title": "暑假7月亲子游目的地",
        "msg": "想暑假7月带孩子去国内旅游，甘肃兰州怕有高原反应，，广州会不会太热，三亚又怕人太多？其他还有地点推荐吗？请教各位达人？",
        "userImg": "../images/wKgED1uqIs-AMYTwAAAX-VIKIo0071.png",
        "username": "Cindy",
        "comme":500,
        "time": "2021-04-13 16:53"
      }
    ]
  }
}