{
  "collect": {
    "code": 0,
    "data": [
      {
        "title": "暑假7月亲子游目的地",
        "msg": "直入主题ˢ地点——河南省修武县大南坡村「设计大咖和乡建大咖云集的地方，也算是美学乡村振兴的代表村落」村内设施——方所书店「全国连锁，唯一一家开在村里的就是大南坡」小青虫公共娱乐设施好像是张唐景观设计的，孩子们特别喜欢，只是夏天热，傍晚玩...",
        "conImg": "../images/CoNKDmK9yNNM43YAAAZHqisXIvE.jpeg",
        "num": 99,
        "user": "牛爷爷的院子",
        "comme": 0,
        "time": "2022-07-01 00:40",
        "status": 0
      }, {
        "title": "寒假亲子游目的地",
        "msg": "直入主题ˢ地点——河南省修武县大南坡村「设计大咖和乡建大咖云集的地方，也算是美学乡村振兴的代表村落」村内设施——方所书店「全国连锁，唯一一家开在村里的就是大南坡」小青虫公共娱乐设施好像是张唐景观设计的，孩子们特别喜欢，只是夏天热，傍晚玩...",
        "conImg": "../images/CoNKDmK9yNNM43YAAAZHqisXIvE.jpeg",
        "num": 87,
        "user": "马爷爷的院子",
        "comme": 0,
        "time": "2022-07-01 00:40",
        "status": 1
      }
    ]
  }
}