{
  "draft": {
    "code": 0,
    "data": [
      {
        "address": "闸坡",
        "title": "公司干部团建，总人数13人，在闸坡两天一夜怎么玩？沙滩、海鲜、别墅、游泳等参数，增强团队凝聚力为主，别跟旅游团似的",
        "conImg": "../images/CoNFk2NCexAgGyL9AALyM8kOCaE(1).jpeg",
        "username": "大菠萝",
        "time": "2022-10-09 11:39:16"
      }, {
        "address": "闸坡",
        "title": "公司干部团建，总人数13人，在闸坡两天一夜怎么玩？沙滩、海鲜、别墅、游泳等参数，增强团队凝聚力为主，别跟旅游团似的",
        "conImg": "../images/CoNFk2NCexAgGyL9AALyM8kOCaE(1).jpeg",
        "username": "大菠萝",
        "time": "2022-10-09 11:39:16"
      },{
        "address": "闸坡",
        "title": "公司干部团建，总人数13人，在闸坡两天一夜怎么玩？沙滩、海鲜、别墅、游泳等参数，增强团队凝聚力为主，别跟旅游团似的",
        "conImg": "../images/CoNFk2NCexAgGyL9AALyM8kOCaE(1).jpeg",
        "username": "大菠萝",
        "time": "2022-10-09 11:39:16"
      }
    ]
  }
}