{
  "ask": {
    "code": 0,
    "data": [{
      "name": "西安的肉夹馍品种实在太多了，请问哪种最好吃？",
      "userImg": "/images/wKgB3FFj_w-AM9sPAAP_bBdzKac493.gif",
      "username": "3师弟",
      "img": "/images/wKgBEFr624eAEv7GAACEE0TU_Tw52.jpeg",
      "msg": "一般来说，当你在陕西 说吃肉夹馍的时候，百分之九十的人第一反应都是吃腊汁肉夹馍,那剩下百分之十呢……最传统的当然是我们的腊汁肉夹馍啦，配着白吉馍就是最传统大众的肉夹馍了。若是搭配千层酥饼，那就是老潼关肉夹馍。腊牛肉夹馍应该算是回民街的特色夹馍，...",
      "num": "87",
      "address": "西安",
      "comment": "13",
      "share": false,
      "browse": true,
      "browseNum": 0,
      "time": "2018-05-15 18:54"
    },{
      "name": "现在给你一张车票，你会选择去哪个城市呢？",
      "userImg": "/images/wKgBEFqHICSAP5bGAADyzvAOgXw65.jpeg",
      "username": "楊隽銘♊️Johnny",
      "img": "/images/CoNF72NMM6Jb7y88AA8R_Irk8j0.jpg",
      "msg": "澳门，想不到吧\uD83D\uDE0E第一次国庆假期去澳门，也是第一次住了3晚\uD83D\uDE01从广州出发，去南站乘坐高铁直达珠海，出站后步行十分钟就到拱北口岸，全程自助过关，非常快捷方便。温馨提示：除了提前办好澳门签注之外，往返需要提供48小时核酸结果。转码很方便，可登录粤省事小程...",
      "num": "0",
      "address": "南京",
      "share": false,
      "comment": "12",
      "browse": true,
      "browseNum": 0,
      "time": "9小时前"
    },{
      "name": "10月16至10月30，国内无疫情蜜月推荐。",
      "userImg": "/images/wKgBs1aVL52ASPBKAAKedkjQxwo58.jpeg",
      "username": "尼诺",
      "img": "",
      "msg": "如果喜欢爬山的话，那么可以去江西如果喜欢有山、有海、有岛去福建浙江和山东没有走全境，自己不能给意见就温度来说，福建最温暖一点，江西和浙江温度相差不大福建基本玩点如下：去福鼎，爬下太姥山，看看海上仙都；去霞浦追逐日出、日落，看滩涂，渔民生活；去...",
      "num": "0",
      "address": "安庆",
      "comment": "1",
      "browse": true,
      "browseNum": 0,
      "share": false,
      "time": "2022-10-13 23:15"
    },{
      "name": "拍私房照是一种怎样的体验？",
      "userImg": "/images/wKgBEFrW2_iAfzOiAACM1dH9vNc58.jpeg",
      "username": "米兔\uD83D\uDC30",
      "img": "/images/wKgBEFq3iQaAGNieAAOlIt1yJuA71.jpeg",
      "msg": "结合我的故事来讲，拍私房照可以说影响了我的三观认知，重新塑造了自我意识，也改变了我的生活轨迹。1、第一个心理阶段 \"想拍一些好看的照片\"我小时候喜欢绘画，也喜欢看西方艺术史。无论是雕塑大卫，还是提香的画作《沐浴后的维纳斯》，富有美感的人物题材是亘...",
      "num": "1918",
      "address": "",
      "browse": true,
      "browseNum": 0,
      "share": false,
      "comment": "545",
      "time": "2018-03-25 20:54"
    },{
      "name": "各位友友们，秋天去哪里好？！",
      "userImg": "/images/wKgBEFtNtMOAF2phABK4RfvC81I30.jpeg",
      "username": "伊丽莎白",
      "img": "/images/f6faf9c84a63bf2898bf114ff92c2401.jpeg",
      "msg": "云南和苏杭都可以。但是苏杭这个季节比较合适，苏杭等南方地区，只有春天和秋天可以，夏天热死不想出门，冬天冻死不想出门，秋天还有红叶可看，建筑加红叶很棒的。当然如果你想去云南也是不错的，云南属于四季皆可去，没有太大忌讳的省份。云南，我个人比较喜欢...",
      "num": "0",
      "address": "云南",
      "share": false,
      "browse": true,
      "browseNum": 0,
      "comment": "3",
      "time": "2022-10-06 16:25"
    },{
      "name": "整个中国，你最喜欢的景点是哪儿？为啥 ？",
      "userImg": "/images/CoUBUl6dWAKAccH4AAEIb19Dx6I54.jpeg",
      "username": "敦煌漠葛旅行",
      "img": "/images/CoNFPGM_pBtUYeGDAAA8S3NW4Yc.jpeg",
      "msg": "敦煌莫高窟属全国重点文物保护单位，俗称千佛洞，坐落在河西走廊西端的敦煌，以精美的壁画和塑像闻名于世。是中国四大石窟之一，四大石窟还有:龙门石窟、云冈石窟和麦积山石窟。1960年:敦煌莫高窟被国务院首批列为全国重点文物保护单位;1986年:敦煌莫高窟被联合...",
      "num": "0",
      "address": "湖南",
      "browse": true,
      "share": false,
      "browseNum": 0,
      "comment": "1",
      "time": "2022-10-07 12:00"
    },{
      "name": "天津什么样的煎饼果子最正宗？当地人怎么挑煎饼铺？",
      "userImg": "/images/wKgBEFtzmgmARVQ6AAJpHASoJ9A47.jpeg",
      "username": "逛吃逛吃",
      "img": "/images/wKgBEFr6mFGAP6odAA14AimoToY324.png",
      "msg": "「 是时候见识一下最正宗的煎饼果子了！！」煎饼果子发展至今，当然需要结合现代人的口味，那些煎饼果子老店也需要满足顾客多样化的饮食需求，所以卷圈、排叉、青菜、火腿肠这些可以夹在煎饼中的食物也陆续加入进来。但不同于那些非正宗的煎饼果子摊贩，正宗老店...",
      "num": "159",
      "address": "天津",
      "share": false,
      "comment": "37",
      "browse": true,
      "browseNum": 0,
      "time": "2018-05-15 17:49"
    },{
      "name": "11月适合去哪里旅行呢，一个人",
      "userImg": "/images/wKgBt0-Hki2bBSYVAAAxgkeU4tw52.jpeg",
      "username": "nice退休生活",
      "img": "",
      "msg": "11月适合去哪里旅游11月是阳历年中的第十一个月，是小月，共有30天。从地理位置上来讲，中国属于北半球。在北半球，11月份是冬季的第一个月。 而冬季是一年四季中之第四季，由于天气转冷首先，十一月属于深秋，与冬季接壤了，这时候白天还是秋高气爽的，但晚上...",
      "num": "0",
      "address": "深圳",
      "share": false,
      "browseNum": 0,
      "browse": true,
      "comment": "0",
      "time": "2022-10-13 14:57"
    },{
      "name": "11月适合去哪里旅行呢，一个人",
      "userImg": "/images/CoNCt2G0DkZKWv4FAACzkcx5SKE.jpeg",
      "username": "海浪拍脚丫",
      "img": "/images/CoNEf2HFXPhaJ9j5AADO1flSW3E.jpeg",
      "msg": "11月差不多进入冬季了，个人觉得可以去南方 去看海—— 不那么冷，也不会很晒。—— —— —— 低配去珠海珠海是一座美丽的海滨城市，在人居、环境等方面获得了不少的荣誉。海边的情侣路，是许多游客都要驻足游览的地方。但珠海的美，美在海岛。珠海万山海域有1...",
      "num": "1",
      "browse": true,
      "browseNum": 0,
      "share": true,
      "address": "深圳",
      "comment": "0",
      "time": "2022-10-11 23:25"
    }]
  }
}