{
  "search": {
    "code": 0,
    "data": [
      {
        "name": "成都#成都#成都#成都#",
        "num": 9
      }, {
        "name": "关于成都成都成都成都",
        "num": 1
      }, {
        "name": "成都。。。。。。成都",
        "num": 5
      }, {
        "name": "去成都 去成都 我想去成都",
        "num": 5
      },{
        "name": "成都成都成都，好玩儿吗？",
        "num": 5
      }, {
        "name": "成都，住宿！成都，住宿",
        "num": 6
      }, {
        "name": "成都 亚丁 色达 成都",
        "num": 2
      }, {
        "name": "亚丁#成都#成都双流机场#",
        "num": 1
      }, {
        "name": "成都成都成都一日游～",
        "num": 5
      }, {
        "name": "成都火锅哪里比较“成都”？",
        "num": 12
      }
    ]
  }
}