{
  "ask": {
    "code": 0,
    "data": [{
      "name": "想问下11月初想去福建大概7天，有哪些景点、或者行程安排可以推荐\uD83D\uDE04",
      "userImg": "/images/wKgEaVyaJ2qAMlgEAAAO4H-4LOg80.jpeg",
      "dec": "11月初去福建，行程安排，景点推荐",
      "img": "",
      "msg": "",
      "num": "0",
      "address": "福建",
      "browseNum": "5",
      "share": true,
      "browse": false,
      "time": "9分钟前"
    },{
      "name": "从温州龙湾机场到霞浦",
      "userImg": "/images/wKgBZ1i44ZyATcghABhd3bK0Akw72.jpeg",
      "dec": "从温州龙湾机场到福建霞浦怎么坐车比较好呢？",
      "img": "",
      "msg": "",
      "num": "0",
      "address": "霞浦",
      "browseNum": "10",
      "share": true,
      "browse": false,
      "time": "1小时前"
    },{
      "name": "想问下，如果去咸宁旅游，香吾山公园，下榻住在马柏大道16号，那要不要去太乙洞，个人偏向想...",
      "userImg": "/images/wKgED1uqIpCARLIhAAAZUeRPlFM676.png",
      "dec": "不要发游记了，帮我选择，建议一下，可能说路自己走，不知道自己去不去，选择困难",
      "img": "",
      "msg": "",
      "num": "0",
      "address": "咸宁",
      "browseNum": "37",
      "share": true,
      "browse": false,
      "time": "1小时前"
    },{
      "name": "要不要去咸宁去下太乙洞，不知道去不去，原来只想去仙吾山森林公园，不会决定，建议我去么，...",
      "userImg": "/images/wKgED1uqIpCARLIhAAAZUeRPlFM676.png",
      "dec": "初心要变么，不会决定",
      "img": "",
      "msg": "",
      "num": "0",
      "address": "咸宁",
      "browseNum": "7",
      "share": true,
      "browse": false,
      "time": "2小时前"
    },{
      "name": "黄山宏村两日游求攻略",
      "userImg": "/images/CoNJYWNM0GY6h3KzAAAQhbmyLpU.jpeg",
      "dec": "从南京自驾，希望在周六在宏村，歇一晚，周日游玩黄山，求推荐住宿和黄山游玩攻略，买票啥的尽可能详细。共6人。",
      "img": "",
      "msg": "",
      "num": "0",
      "address": "黄山",
      "browseNum": "10",
      "share": true,
      "browse": false,
      "time": "2小时前"
    },{
      "name": "想问下，咸宁太乙洞值得去玩吗，原来只想去仙吾山公园，那里不确定去，想去，要去么",
      "userImg": "/images/wKgE2l0LrA-AV_ogAABRvN984QI97.jpeg",
      "dec": "从南京自驾，希望在周六在宏村，歇一晚，周日游玩黄山，求推荐住宿和黄山游玩攻略，买票啥的尽可能详细。共6人。",
      "username": "萤火虫",
      "Grade": "LV.45",
      "img": "/images/CoNI4GNMzMMzuIAYAAPWogU8Pus.jpg",
      "msg": "太乙洞风景区位于 咸宁 温泉以南5公里处的蒋家洞村，距 武汉 86公里。该洞距今360万年，相传是太乙真人下凡为民造福掘凿而成。主洞全长2000余米，有支洞8条，大小景点100余处，洞内钟乳倒悬，石笋群立，有太乙真像、鲲鹏展翅、劈山宝剑、苏武牧羊、天赐神鼓、锦...",
      "num": "0",
      "address": "咸宁",
      "comment": "1",
      "browseNum": 85,
      "share": true,
      "browse": true,
      "time": "3小时前"
    },{
      "name": "得了特发性震颤还可以去旅游吗？",
      "userImg": "/images/wKgE2l0LrA-AV_ogAABRvN984QI97.jpeg",
      "dec": "",
      "username": "",
      "Grade": "",
      "img": "/image/CoNI4GNMzMMzuIAYAAPWogU8Pus.jpg",
      "msg": "太乙洞风景区位于 咸宁 温泉以南5公里处的蒋家洞村，距 武汉 86公里。该洞距今360万年，相传是太乙真人下凡为民造福掘凿而成。主洞全长2000余米，有支洞8条，大小景点100余处，洞内钟乳倒悬，石笋群立，有太乙真像、鲲鹏展翅、劈山宝剑、苏武牧羊、天赐神鼓、锦...",
      "num": "0",
      "address": "马尔代夫",
      "comment": "",
      "browseNum": 10,
      "share": true,
      "browse": false,
      "time": "4小时前"
    },{
      "name": "关于游览广州沙面永庆坊等地的问题",
      "userImg": "/images/wKgBs1cFmf2ALmI4AAC_JmdFEvE62.jpeg",
      "dec": "",
      "username": "豆爸",
      "Grade": "LV.45",
      "img": "",
      "msg": "距离都不是很远，但是安排这么紧凑太仓促了，沙面有好多小吃很不错的",
      "num": "0",
      "address": "广州",
      "comment": "1",
      "browseNum": 35,
      "share": true,
      "browse": true,
      "time": "4小时前"
    }]
  }
}