{
  "question": {
    "code": 0,
    "data": [
      {
        "title": "10月份有哪些推荐一家人去的地方",
        "msg": "一家5口，预算2W",
        "address": "成都",
        "comme": 3,
        "time": "2022-10-09 15:38",
        "status": 0
      },   {
        "title": "元旦有什么比较好娱乐的地方",
        "msg": "趁着元旦过过跨年, 一共三个人出发,可考虑优惠家庭套餐",
        "address": "北海",
        "comme": 3,
        "time": "2022-10-09 15:38",
        "status": 0
      }
    ]
  }
}