{
  "search": {
    "code": 0,
    "data": [{
      "name": "整个中国，你最喜欢的景点是哪儿？为啥 ？",
      "userImg": "../images/CoUBUl6dWAKAccH4AAEIb19Dx6I54.jpeg",
      "username": "敦煌漠葛旅行",
      "img": "../images/CoNFPGM_pBtUYeGDAAA8S3NW4Yc.jpeg",
      "msg": " 敦煌莫高窟属全国重点文物保护单位，俗称千佛洞，坐落在河西走廊西端的敦煌，以精美的壁画和塑像闻名于世。是中国四大石窟之一，四大石窟还有:龙门石窟、云冈石窟和麦积山石窟。1960年:敦煌莫高窟被国务院首批列为全国重点文物保护单位;1986年:敦煌莫高窟被联合...",
      "num": "0",
      "address": "中国",
      "share": false,
      "comment": "283",
      "browse": true,
      "browseNum": 1283,
      "time": "2022-10-07 12:00"
    },{
      "name": "11月适合去哪里旅行呢，一个人",
      "userImg": "../images/CoUBUmFec4-ATSQkAASJmE-Vbzo37.jpeg",
      "username": "Una8",
      "img": "../images/CoNCeWNCDKQLSA8eAACWXLzb1i0.jpeg",
      "msg": "11月，有些地方还在深秋，而有的地方，已经步入冬季。对于热爱旅行的人来说，11月是个美好的季节，它可以金灿耀眼，也可以白雪皑皑，它同时带来惊艳，让人念念不忘。这个璀璨金秋和凛冽冬季交织的时节，一切都美得恰到好处。毕棚沟深秋的毕棚沟，虽没有稻城的大...",
      "num": "2",
      "address": "深圳",
      "comment": "283",
      "browse": true,
      "browseNum": 1283,
      "share": false,
      "time": "2022-10-05 17:28"
    },{
      "name": "现在给你一张车票，你会选择去哪个城市呢？",
      "userImg": "../images/CoNJkWM9c7BK3lWRAACBvpUqNTs.jpeg",
      "username": "曹瘦瘦",
      "img": "../images/CoNHI2NDwoUzbs_WAAcA_VF4pfI.jpg",
      "msg": "如果现在给我一张车票,我会选择再去海拔最高的奶茶店,喝一杯他家的山海茶~~~\uD83E\uDDCB海拔最高的奶茶店在哪里？对了,就是这里------山海茶~~~\uD83C\uDF39地址在四川省甘孜藏族自治州稻城县香格里拉镇亚丁村,一个令人神往的地方~~~\uD83D\uDE0E小店给我留下的印象太深了：明信片、帆布包、冰...",
      "num": "2",
      "address": "南京",
      "browse": true,
      "browseNum": 283,
      "share": false,
      "comment": "1283",
      "time": "2022-10-05 15:28"
    },{
      "name": "11月适合去哪里旅行呢，一个人",
      "userImg": "../images/CoNJF2HtcFRQ8k-LAAZVPTmA7Ng.jpeg",
      "username": "撄宁",
      "img": "../images/CoUBUmFDUsmAGVDvABA9R7ihWzM43.jpeg",
      "msg": "到了11月，北方渐凉，往南方走走，可能是不错的选择。如果是一个人旅行，我觉得可以找个相对安静的地方，看看自然风光，体验当地人文，甚至小住几天。当我看到这个问题的时候，第一反应就想到了一个地方：福建客家土楼。我觉得11月份的季节，以及那里的交通住宿...",
      "num": "2",
      "address": "南京",
      "share": false,
      "browse": true,
      "browseNum": 283,
      "comment": "1283",
      "time": "2022-10-05 14:28"
    },{
      "name": "各位友友们，秋天去哪里好？！",
      "userImg": "../images/wKgBEFtNtMOAF2phABK4RfvC81I30.jpeg",
      "username": "撄宁",
      "img": "../images/f6faf9c84a63bf2898bf114ff92c2401.jpeg",
      "msg": "云南和苏杭都可以。但是苏杭这个季节比较合适，苏杭等南方地区，只有春天和秋天可以，夏天热死不想出门，冬天冻死不想出门，秋天还有红叶可看，建筑加红叶很棒的。当然如果你想去云南也是不错的，云南属于四季皆可去，没有太大忌讳的省份。云南，我个人比较喜欢...",
      "num": "2",
      "address": "云南",
      "browse": true,
      "share": false,
      "browseNum": 283,
      "comment": "892",
      "time": "2022-10-06 16:25"
    },{
      "name": "心情不好时，一个人出去旅游，你会选择去哪里比较好？",
      "userImg": "../images/CoUBUl6dWAKAccH4AAEIb19Dx6I54.jpeg",
      "username": "敦煌漠葛旅行",
      "img": "../images/CoNCDGLAMSgTXPIgAAAgH8hpKpI.jpeg",
      "msg": "莫高窟鸣沙山鸣沙山位于敦煌市南郊七公里处。古代称神沙山、沙角山。全山系沙堆积而成，东西长约40公里，南北宽20公里，高数十米，山峰陡峭，势如刀刃。沙丘下面有一潮湿的沙土层，风吹沙粒振动，声响可引起沙土层共鸣，故名。据史书记载，在天气晴朗时，即使风...",
      "num": "2",
      "address": "桂林",
      "share": false,
      "comment": "198",
      "browse": true,
      "browseNum": 892,
      "time": "2022-10-07 12:02"
    },{
      "name": "100元在世界各地能吃到什么样的一餐？最精准旅行美食预算来啦",
      "userImg": "../images/wKgBEFsMrYaAdgz7AABzekir6Rg26.jpeg",
      "username": "肉夹馍不会认输",
      "img": "../images/wKgBEFseXDaAMe7yAAzL7pW0mHU079.png",
      "msg": "既然题主聊到钱这个话题，那我就本着严谨、认真、负责的态度来好好分析一下各国物价到底怎么样。我们这次调研以NUMBEO和YELP为数据参考。Numbeo是一个以纽约的消费物价指数作为基准，分析世界各地的物价水平，反映世界各地的生活指数的网站。Numbeo的整体消费物...",
      "num": "2",
      "address": "欧洲",
      "share": false,
      "browseNum": 198,
      "browse": true,
      "comment": "892",
      "time": "2018-06-06 17:19"
    },{
      "name": "11月适合去哪里旅行呢，一个人",
      "userImg": "../images/wKgBEFsMrYaAdgz7AABzekir6Rg26.jpeg",
      "username": "尼诺",
      "img": "",
      "msg": "自己疫情前每年都是11月份出去长途旅行有兴趣可以看看我的游记，以西南、东南为主当然也欢迎楼主来江浙沪，毕竟江浙沪植被长青，一年四季都是能玩的。 贵州部分：半独自旅行 - 贵州 篇（环 贵州 16日， 贵阳 、 兴义 、 安顺 、 织金 、 荔波 、 凯里 、 镇远 、...",
      "num": "2",
      "browse": true,
      "browseNum": 198,
      "share": true,
      "address": "深圳",
      "comment": "892",
      "time": "2022-09-06 17:19"
    },{
      "name": "你觉得哪些地方，能让你为了吃专门跑一趟？",
      "userImg": "../images/wKgBEFt8O_OAHIyQAB4SCSKPcUM70.jpeg",
      "username": "QQ",
      "img": "../images/wKgBEFsEAXCAP2ihABR1Ysqt-kw889.png",
      "msg": "\uD83C\uDF1F\uD83C\uDF1F\uD83C\uDF1F\uD83C\uDF1F\uD83C\uDF1F✈️看到这个提问我躁动的心久久不能平静，抱着「维护世界和平 」和「造福广大吃货」的心愿，我决定献出【吃货宝典】：◎吃货界名言镇楼------ 「 吃饭不积极，思想有问题！」在我们吃货心中，能吃到心心念念的美食，是无比幸福的事，所以刀山火海、舟...",
      "num": "2",
      "address": "广东",
      "comment": "28",
      "share": false,
      "browse": true,
      "browseNum": 128,
      "time": "2018-05-22 22:08"
    }]
  }
}