{
  "ask": {
    "code": 0,
    "data": [{
      "name": "想问下去鄂南旅游，去了香吾山公园，要不要去太乙洞，有空可以去吧，拿不定主意，想去想",
      "userImg": "/images/wKgED1uqIpCARLIhAAAZUeRPlFM676.jpeg",
      "dec": "咸宁那里，要不要在原有的基础上在加一个景区，去玩",
      "img": "",
      "msg": "",
      "num": "0",
      "address": "咸宁",
      "browseNum": "15",
      "share": true,
      "browse": false,
      "time": "58分钟前"
    },{
      "name": "在巴西的朋友们给给建议，想去巴西玩，但是都说非常危险\uD83E\uDD23",
      "userImg": "/images/CoNLG2NJbxVIrMmmAACNcig9AjM.jpeg",
      "dec": "",
      "img": "",
      "msg": "",
      "num": "0",
      "address": "巴西",
      "browseNum": "0",
      "share": true,
      "browse": false,
      "time": "2天前"
    },{
      "name": "公司干部团建，总人数13人，在闸坡两天一夜怎么玩？沙滩、海鲜、别墅、游泳等参数，增强团队...",
      "userImg": "/images/pp90.gif",
      "dec": "",
      "img": "",
      "msg": "",
      "num": "0",
      "address": "闸坡",
      "browseNum": "65",
      "share": true,
      "browse": false,
      "time": "2022-10-06 15:40"
    },{
      "name": "德阳自驾到西安，询问景点安排？",
      "userImg": "/images/CoNHd2GwWSNccThDAAVaJzsBCiM.jpeg",
      "dec": "自驾过来，安排四天，大概八小时达到。第一天晚上可以逛逛，最后一天不安排，睡到自然醒返程。陕西历史博物馆，大雁塔，大唐不夜城，西安钟鼓楼，洒金桥，回民街，西安城墙，兵马俑。华山就不去了，有老人，体力不行。",
      "img": "",
      "msg": "",
      "num": "1",
      "address": "德阳",
      "browseNum": "795",
      "share": true,
      "browse": false,
      "time": "2022-07-27 15:29"
    },{
      "name": "求酒店住宿建议：想玩蜈支洲岛➕千古情➕南海观音，一共5天时间",
      "userImg": "/images/wKgED1uqIpCARLIhAAAZUeRPlFM676.png",
      "dec": "",
      "img": "",
      "msg": "",
      "num": "0",
      "address": "南海",
      "browseNum": "337",
      "share": true,
      "browse": false,
      "time": "2022-07-26 12:23"
    },{
      "name": "第一次去恩施，想要找一个靠谱导游",
      "userImg": "/images/CoNGhWLZTmx6gGryAAAPjqm1iC4.jpeg",
      "dec": "",
      "username": "",
      "Grade": "",
      "img": "",
      "msg": "",
      "num": "0",
      "address": "恩施",
      "comment": "1",
      "browseNum": 1205,
      "share": true,
      "browse": false,
      "time": "2022-07-24 13:16"
    },{
      "name": "8月初去舟山，带小孩四晚五天怎么玩",
      "userImg": "/images/wKgBZ1xiToKASdqKAAE-rPN3nrs04.jpeg",
      "dec": "",
      "username": "",
      "Grade": "",
      "img": "/image/CoNI4GNMzMMzuIAYAAPWogU8Pus.jpg",
      "msg": "",
      "num": "8",
      "address": "舟山",
      "comment": "",
      "browseNum": 2060,
      "share": true,
      "browse": false,
      "time": "2022-07-23 12:00"
    },{
      "name": "现在南疆人多吗？可以带无人机吗",
      "userImg": "/images/wKgED1xIX1WAQi4gAAmnGA5X7B447.jpeg",
      "dec": "南疆现在旅游人多吗？",
      "username": "",
      "Grade": "",
      "img": "",
      "msg": "",
      "num": "0",
      "address": "南疆",
      "comment": "1",
      "browseNum": 327,
      "share": true,
      "browse": false,
      "time": "2022-07-20 11:56"
    }]
  }
}